indicator,week,n_models,has_ensemble,has_baseline,era,hub,ensemble_locations,season,n_published
ARI incidence,2023-12-18,5,TRUE,TRUE,archive,ari_archive,15,2023/24,6
ARI incidence,2023-12-25,5,TRUE,TRUE,archive,ari_archive,14,2023/24,6
ARI incidence,2024-01-01,5,TRUE,TRUE,archive,ari_archive,14,2023/24,6
ARI incidence,2024-01-08,6,TRUE,TRUE,archive,ari_archive,14,2023/24,7
ARI incidence,2024-01-15,6,TRUE,TRUE,archive,ari_archive,11,2023/24,7
ARI incidence,2024-01-22,6,TRUE,TRUE,archive,ari_archive,12,2023/24,7
ARI incidence,2024-01-29,6,TRUE,TRUE,archive,ari_archive,12,2023/24,7
ARI incidence,2024-02-05,7,TRUE,TRUE,archive,ari_archive,12,2023/24,8
ARI incidence,2024-02-12,9,TRUE,TRUE,archive,ari_archive,12,2023/24,10
ARI incidence,2024-02-19,9,TRUE,TRUE,archive,ari_archive,13,2023/24,10
ARI incidence,2024-02-26,8,TRUE,TRUE,archive,ari_archive,16,2023/24,9
ARI incidence,2024-03-04,8,TRUE,TRUE,archive,ari_archive,17,2023/24,9
ARI incidence,2024-03-11,8,TRUE,TRUE,archive,ari_archive,15,2023/24,9
ARI incidence,2024-03-18,8,TRUE,TRUE,archive,ari_archive,15,2023/24,9
ARI incidence,2024-03-25,8,TRUE,TRUE,archive,ari_archive,16,2023/24,9
ARI incidence,2024-04-01,6,TRUE,TRUE,archive,ari_archive,14,2023/24,7
ARI incidence,2024-04-08,8,TRUE,TRUE,archive,ari_archive,15,2023/24,9
ARI incidence,2024-04-15,8,TRUE,TRUE,archive,ari_archive,14,2023/24,9
ARI incidence,2024-04-22,6,TRUE,TRUE,archive,ari_archive,16,2023/24,7
ARI incidence,2024-04-29,8,TRUE,TRUE,archive,ari_archive,16,2023/24,9
ARI incidence,2024-10-21,10,TRUE,TRUE,current,syndromic,16,2024/25,11
ARI incidence,2024-10-28,6,TRUE,TRUE,current,syndromic,15,2024/25,7
ARI incidence,2024-11-04,5,TRUE,TRUE,current,syndromic,16,2024/25,6
ARI incidence,2024-11-11,7,TRUE,TRUE,current,syndromic,17,2024/25,8
ARI incidence,2024-11-18,9,TRUE,TRUE,current,syndromic,19,2024/25,10
ARI incidence,2024-11-25,9,TRUE,TRUE,current,syndromic,19,2024/25,10
ARI incidence,2024-12-02,10,TRUE,TRUE,current,syndromic,19,2024/25,11
ARI incidence,2024-12-09,10,TRUE,TRUE,current,syndromic,19,2024/25,11
ARI incidence,2024-12-16,9,TRUE,TRUE,current,syndromic,19,2024/25,10
ARI incidence,2024-12-23,9,TRUE,TRUE,current,syndromic,18,2024/25,10
ARI incidence,2024-12-30,5,TRUE,TRUE,current,syndromic,18,2024/25,6
ARI incidence,2025-01-06,9,TRUE,TRUE,current,syndromic,19,2024/25,10
ARI incidence,2025-01-13,8,TRUE,TRUE,current,syndromic,18,2024/25,9
ARI incidence,2025-01-20,9,TRUE,TRUE,current,syndromic,18,2024/25,10
ARI incidence,2025-01-27,10,TRUE,TRUE,current,syndromic,18,2024/25,11
ARI incidence,2025-02-03,9,TRUE,TRUE,current,syndromic,19,2024/25,10
ARI incidence,2025-02-10,9,TRUE,TRUE,current,syndromic,19,2024/25,10
ARI incidence,2025-02-17,9,TRUE,TRUE,current,syndromic,19,2024/25,10
ARI incidence,2025-02-24,10,TRUE,TRUE,current,syndromic,19,2024/25,11
ARI incidence,2025-03-03,9,TRUE,TRUE,current,syndromic,16,2024/25,10
ARI incidence,2025-03-10,7,TRUE,TRUE,current,syndromic,16,2024/25,8
ARI incidence,2025-03-17,8,TRUE,TRUE,current,syndromic,16,2024/25,9
ARI incidence,2025-03-24,9,TRUE,TRUE,current,syndromic,19,2024/25,10
ARI incidence,2025-03-31,8,TRUE,TRUE,current,syndromic,16,2024/25,9
ARI incidence,2025-04-07,8,TRUE,TRUE,current,syndromic,16,2024/25,9
ARI incidence,2025-04-14,8,TRUE,TRUE,current,syndromic,16,2024/25,9
ARI incidence,2025-04-21,3,TRUE,TRUE,current,syndromic,16,2024/25,4
ARI incidence,2025-04-28,5,TRUE,TRUE,current,syndromic,16,2024/25,6
ARI incidence,2025-05-05,4,TRUE,TRUE,current,syndromic,16,2024/25,5
ARI incidence,2025-05-12,4,TRUE,TRUE,current,syndromic,16,2024/25,5
ARI incidence,2025-05-19,4,TRUE,TRUE,current,syndromic,16,2024/25,5
ARI incidence,2025-05-26,4,TRUE,TRUE,current,syndromic,16,2024/25,5
ARI incidence,2025-06-02,3,TRUE,TRUE,current,syndromic,16,2024/25,4
ARI incidence,2025-06-09,5,TRUE,TRUE,current,syndromic,17,2024/25,6
ARI incidence,2025-06-16,4,TRUE,TRUE,current,syndromic,15,2024/25,5
ARI incidence,2025-06-23,5,TRUE,TRUE,current,syndromic,16,2024/25,6
ARI incidence,2025-06-30,5,TRUE,TRUE,current,syndromic,16,2024/25,6
ARI incidence,2025-07-07,4,TRUE,TRUE,current,syndromic,13,2024/25,5
ARI incidence,2025-07-14,5,TRUE,TRUE,current,syndromic,16,2024/25,6
ARI incidence,2025-07-21,5,TRUE,TRUE,current,syndromic,17,2024/25,6
ARI incidence,2025-07-28,5,TRUE,TRUE,current,syndromic,16,2024/25,6
ARI incidence,2025-08-04,5,TRUE,TRUE,current,syndromic,16,2025/26,6
ARI incidence,2025-08-11,5,TRUE,TRUE,current,syndromic,16,2025/26,6
ARI incidence,2025-08-18,5,TRUE,TRUE,current,syndromic,17,2025/26,6
ARI incidence,2025-08-25,4,TRUE,TRUE,current,syndromic,13,2025/26,5
ARI incidence,2025-09-01,5,TRUE,TRUE,current,syndromic,17,2025/26,6
ARI incidence,2025-09-08,5,TRUE,TRUE,current,syndromic,17,2025/26,6
ARI incidence,2025-09-15,5,TRUE,TRUE,current,syndromic,17,2025/26,6
ARI incidence,2025-09-22,5,TRUE,TRUE,current,syndromic,17,2025/26,6
ARI incidence,2025-09-29,4,TRUE,TRUE,current,syndromic,17,2025/26,5
ARI incidence,2025-10-06,9,TRUE,TRUE,current,syndromic,17,2025/26,10
ARI incidence,2025-10-13,8,TRUE,TRUE,current,syndromic,15,2025/26,9
ARI incidence,2025-10-20,9,TRUE,TRUE,current,syndromic,17,2025/26,10
ARI incidence,2025-10-27,9,TRUE,TRUE,current,syndromic,17,2025/26,10
ARI incidence,2025-11-03,9,TRUE,TRUE,current,syndromic,17,2025/26,10
ARI incidence,2025-11-10,9,TRUE,TRUE,current,syndromic,20,2025/26,10
ARI incidence,2025-11-17,9,TRUE,TRUE,current,syndromic,21,2025/26,10
ARI incidence,2025-11-24,9,TRUE,TRUE,current,syndromic,20,2025/26,10
ARI incidence,2025-12-01,11,TRUE,TRUE,current,syndromic,22,2025/26,12
ARI incidence,2025-12-08,12,TRUE,TRUE,current,syndromic,22,2025/26,13
ARI incidence,2025-12-15,11,TRUE,TRUE,current,syndromic,22,2025/26,12
ARI incidence,2025-12-22,6,TRUE,TRUE,current,syndromic,22,2025/26,7
ARI incidence,2025-12-29,4,TRUE,TRUE,current,syndromic,21,2025/26,5
ARI incidence,2026-01-05,3,TRUE,TRUE,current,syndromic,20,2025/26,4
ARI incidence,2026-01-12,8,TRUE,TRUE,current,syndromic,21,2025/26,9
ARI incidence,2026-01-19,10,TRUE,TRUE,current,syndromic,21,2025/26,11
ARI incidence,2026-01-26,8,TRUE,TRUE,current,syndromic,22,2025/26,9
ARI incidence,2026-02-02,9,TRUE,TRUE,current,syndromic,21,2025/26,10
ARI incidence,2026-02-09,14,TRUE,TRUE,current,syndromic,24,2025/26,15
ARI incidence,2026-02-16,10,TRUE,TRUE,current,syndromic,24,2025/26,11
ARI incidence,2026-02-23,9,TRUE,TRUE,current,syndromic,24,2025/26,10
ARI incidence,2026-03-02,10,TRUE,TRUE,current,syndromic,23,2025/26,11
ARI incidence,2026-03-09,9,TRUE,TRUE,current,syndromic,24,2025/26,10
ARI incidence,2026-03-16,13,TRUE,TRUE,current,syndromic,24,2025/26,14
ARI incidence,2026-03-23,13,TRUE,TRUE,current,syndromic,24,2025/26,14
ARI incidence,2026-03-30,13,TRUE,TRUE,current,syndromic,24,2025/26,14
ARI incidence,2026-04-06,6,TRUE,TRUE,current,syndromic,24,2025/26,7
ARI incidence,2026-04-13,11,TRUE,TRUE,current,syndromic,22,2025/26,12
ARI incidence,2026-04-20,11,TRUE,TRUE,current,syndromic,22,2025/26,12
ARI incidence,2026-04-27,9,TRUE,TRUE,current,syndromic,22,2025/26,10
ARI incidence,2026-05-04,10,TRUE,TRUE,current,syndromic,21,2025/26,11
ARI incidence,2026-05-11,8,TRUE,TRUE,current,syndromic,22,2025/26,9
ARI incidence,2026-05-18,3,TRUE,TRUE,current,syndromic,22,2025/26,4
ARI incidence,2026-05-25,8,TRUE,TRUE,current,syndromic,21,2025/26,9
ARI incidence,2026-06-01,2,TRUE,TRUE,current,syndromic,20,2025/26,3
ARI incidence,2026-06-08,2,TRUE,TRUE,current,syndromic,18,2025/26,3
ARI incidence,2026-06-15,2,TRUE,TRUE,current,syndromic,14,2025/26,3
ARI incidence,2026-06-22,0,FALSE,TRUE,current,syndromic,NA,2025/26,0
ARI incidence,2026-06-29,2,TRUE,TRUE,current,syndromic,2,2025/26,3
ARI incidence,2026-07-06,2,TRUE,TRUE,current,syndromic,2,2025/26,3
ARI incidence,2026-07-13,2,FALSE,FALSE,current,syndromic,NA,2025/26,2
COVID-19 cases,2021-02-01,1,FALSE,FALSE,archive,covid_archive,NA,2020/21,1
COVID-19 cases,2021-02-08,3,FALSE,FALSE,archive,covid_archive,NA,2020/21,3
COVID-19 cases,2021-02-15,12,FALSE,FALSE,archive,covid_archive,NA,2020/21,12
COVID-19 cases,2021-02-22,12,FALSE,FALSE,archive,covid_archive,NA,2020/21,12
COVID-19 cases,2021-03-01,9,FALSE,FALSE,archive,covid_archive,NA,2020/21,9
COVID-19 cases,2021-03-08,20,TRUE,TRUE,archive,covid_archive,32,2020/21,21
COVID-19 cases,2021-03-15,21,TRUE,TRUE,archive,covid_archive,32,2020/21,22
COVID-19 cases,2021-03-22,22,TRUE,TRUE,archive,covid_archive,32,2020/21,23
COVID-19 cases,2021-03-29,25,TRUE,TRUE,archive,covid_archive,32,2020/21,26
COVID-19 cases,2021-04-05,27,TRUE,TRUE,archive,covid_archive,32,2020/21,28
COVID-19 cases,2021-04-12,27,TRUE,TRUE,archive,covid_archive,32,2020/21,28
COVID-19 cases,2021-04-19,28,TRUE,TRUE,archive,covid_archive,32,2020/21,29
COVID-19 cases,2021-04-26,29,TRUE,TRUE,archive,covid_archive,32,2020/21,30
COVID-19 cases,2021-05-03,31,TRUE,TRUE,archive,covid_archive,32,2020/21,32
COVID-19 cases,2021-05-10,31,TRUE,TRUE,archive,covid_archive,32,2020/21,32
COVID-19 cases,2021-05-17,31,TRUE,TRUE,archive,covid_archive,32,2020/21,32
COVID-19 cases,2021-05-24,29,TRUE,TRUE,archive,covid_archive,32,2020/21,30
COVID-19 cases,2021-05-31,32,TRUE,TRUE,archive,covid_archive,32,2020/21,33
COVID-19 cases,2021-06-07,32,TRUE,TRUE,archive,covid_archive,32,2020/21,33
COVID-19 cases,2021-06-14,31,TRUE,TRUE,archive,covid_archive,32,2020/21,32
COVID-19 cases,2021-06-21,32,TRUE,TRUE,archive,covid_archive,32,2020/21,33
COVID-19 cases,2021-06-28,30,TRUE,TRUE,archive,covid_archive,32,2020/21,31
COVID-19 cases,2021-07-05,31,TRUE,TRUE,archive,covid_archive,32,2020/21,32
COVID-19 cases,2021-07-12,30,TRUE,TRUE,archive,covid_archive,32,2020/21,31
COVID-19 cases,2021-07-19,29,TRUE,TRUE,archive,covid_archive,32,2020/21,30
COVID-19 cases,2021-07-26,27,TRUE,TRUE,archive,covid_archive,32,2020/21,28
COVID-19 cases,2021-08-02,27,TRUE,TRUE,archive,covid_archive,32,2021/22,28
COVID-19 cases,2021-08-09,28,TRUE,TRUE,archive,covid_archive,32,2021/22,29
COVID-19 cases,2021-08-16,28,TRUE,TRUE,archive,covid_archive,32,2021/22,29
COVID-19 cases,2021-08-23,28,TRUE,TRUE,archive,covid_archive,32,2021/22,29
COVID-19 cases,2021-08-30,28,TRUE,TRUE,archive,covid_archive,32,2021/22,29
COVID-19 cases,2021-09-06,27,TRUE,TRUE,archive,covid_archive,32,2021/22,28
COVID-19 cases,2021-09-13,27,TRUE,TRUE,archive,covid_archive,32,2021/22,28
COVID-19 cases,2021-09-20,26,TRUE,TRUE,archive,covid_archive,32,2021/22,27
COVID-19 cases,2021-09-27,24,TRUE,TRUE,archive,covid_archive,32,2021/22,25
COVID-19 cases,2021-10-04,25,TRUE,TRUE,archive,covid_archive,32,2021/22,26
COVID-19 cases,2021-10-11,24,TRUE,TRUE,archive,covid_archive,32,2021/22,25
COVID-19 cases,2021-10-18,26,TRUE,TRUE,archive,covid_archive,32,2021/22,27
COVID-19 cases,2021-10-25,25,TRUE,TRUE,archive,covid_archive,32,2021/22,26
COVID-19 cases,2021-11-01,25,TRUE,TRUE,archive,covid_archive,32,2021/22,26
COVID-19 cases,2021-11-08,25,TRUE,TRUE,archive,covid_archive,32,2021/22,26
COVID-19 cases,2021-11-15,26,TRUE,TRUE,archive,covid_archive,32,2021/22,27
COVID-19 cases,2021-11-22,27,TRUE,TRUE,archive,covid_archive,32,2021/22,28
COVID-19 cases,2021-11-29,29,TRUE,TRUE,archive,covid_archive,32,2021/22,30
COVID-19 cases,2021-12-06,25,TRUE,TRUE,archive,covid_archive,32,2021/22,26
COVID-19 cases,2021-12-13,26,TRUE,TRUE,archive,covid_archive,32,2021/22,27
COVID-19 cases,2021-12-20,26,TRUE,TRUE,archive,covid_archive,32,2021/22,27
COVID-19 cases,2021-12-27,24,TRUE,TRUE,archive,covid_archive,32,2021/22,25
COVID-19 cases,2022-01-03,25,TRUE,TRUE,archive,covid_archive,32,2021/22,26
COVID-19 cases,2022-01-10,27,TRUE,TRUE,archive,covid_archive,32,2021/22,28
COVID-19 cases,2022-01-17,27,TRUE,TRUE,archive,covid_archive,32,2021/22,28
COVID-19 cases,2022-01-24,28,TRUE,TRUE,archive,covid_archive,32,2021/22,29
COVID-19 cases,2022-01-31,28,TRUE,TRUE,archive,covid_archive,32,2021/22,29
COVID-19 cases,2022-02-07,28,TRUE,TRUE,archive,covid_archive,32,2021/22,29
COVID-19 cases,2022-02-14,28,TRUE,TRUE,archive,covid_archive,32,2021/22,29
COVID-19 cases,2022-02-21,28,TRUE,TRUE,archive,covid_archive,32,2021/22,29
COVID-19 cases,2022-02-28,28,TRUE,TRUE,archive,covid_archive,32,2021/22,29
COVID-19 cases,2022-03-07,26,TRUE,TRUE,archive,covid_archive,32,2021/22,27
COVID-19 cases,2022-03-14,27,TRUE,TRUE,archive,covid_archive,32,2021/22,28
COVID-19 cases,2022-03-21,26,TRUE,TRUE,archive,covid_archive,32,2021/22,27
COVID-19 cases,2022-03-28,24,TRUE,TRUE,archive,covid_archive,32,2021/22,25
COVID-19 cases,2022-04-04,27,TRUE,TRUE,archive,covid_archive,32,2021/22,28
COVID-19 cases,2022-04-11,26,TRUE,TRUE,archive,covid_archive,32,2021/22,27
COVID-19 cases,2022-04-18,21,TRUE,TRUE,archive,covid_archive,32,2021/22,22
COVID-19 cases,2022-04-25,25,TRUE,TRUE,archive,covid_archive,32,2021/22,26
COVID-19 cases,2022-05-02,24,TRUE,TRUE,archive,covid_archive,32,2021/22,25
COVID-19 cases,2022-05-09,22,TRUE,TRUE,archive,covid_archive,32,2021/22,23
COVID-19 cases,2022-05-16,20,TRUE,TRUE,archive,covid_archive,32,2021/22,21
COVID-19 cases,2022-05-23,19,TRUE,TRUE,archive,covid_archive,32,2021/22,20
COVID-19 cases,2022-05-30,22,TRUE,TRUE,archive,covid_archive,32,2021/22,23
COVID-19 cases,2022-06-06,18,TRUE,TRUE,archive,covid_archive,32,2021/22,19
COVID-19 cases,2022-06-13,19,TRUE,TRUE,archive,covid_archive,32,2021/22,20
COVID-19 cases,2022-06-20,22,TRUE,TRUE,archive,covid_archive,32,2021/22,23
COVID-19 cases,2022-06-27,21,TRUE,TRUE,archive,covid_archive,32,2021/22,22
COVID-19 cases,2022-07-04,16,TRUE,TRUE,archive,covid_archive,32,2021/22,17
COVID-19 cases,2022-07-11,16,TRUE,TRUE,archive,covid_archive,32,2021/22,17
COVID-19 cases,2022-07-18,20,TRUE,TRUE,archive,covid_archive,32,2021/22,21
COVID-19 cases,2022-07-25,20,TRUE,TRUE,archive,covid_archive,32,2021/22,21
COVID-19 cases,2022-08-01,20,TRUE,TRUE,archive,covid_archive,32,2022/23,21
COVID-19 cases,2022-08-08,20,TRUE,TRUE,archive,covid_archive,32,2022/23,21
COVID-19 cases,2022-08-15,20,TRUE,TRUE,archive,covid_archive,32,2022/23,21
COVID-19 cases,2022-08-22,19,TRUE,TRUE,archive,covid_archive,32,2022/23,20
COVID-19 cases,2022-08-29,19,TRUE,TRUE,archive,covid_archive,32,2022/23,20
COVID-19 cases,2022-09-05,20,TRUE,TRUE,archive,covid_archive,32,2022/23,21
COVID-19 cases,2022-09-12,18,TRUE,TRUE,archive,covid_archive,32,2022/23,19
COVID-19 cases,2022-09-19,20,TRUE,TRUE,archive,covid_archive,32,2022/23,21
COVID-19 cases,2022-09-26,18,TRUE,TRUE,archive,covid_archive,32,2022/23,19
COVID-19 cases,2022-10-03,17,TRUE,TRUE,archive,covid_archive,32,2022/23,18
COVID-19 cases,2022-10-10,19,TRUE,TRUE,archive,covid_archive,32,2022/23,20
COVID-19 cases,2022-10-17,18,TRUE,TRUE,archive,covid_archive,32,2022/23,19
COVID-19 cases,2022-10-24,17,TRUE,TRUE,archive,covid_archive,32,2022/23,18
COVID-19 cases,2022-10-31,16,TRUE,TRUE,archive,covid_archive,32,2022/23,17
COVID-19 cases,2022-11-07,18,TRUE,TRUE,archive,covid_archive,32,2022/23,19
COVID-19 cases,2022-11-14,18,TRUE,TRUE,archive,covid_archive,32,2022/23,19
COVID-19 cases,2022-11-21,17,TRUE,TRUE,archive,covid_archive,32,2022/23,18
COVID-19 cases,2022-11-28,17,TRUE,TRUE,archive,covid_archive,32,2022/23,18
COVID-19 cases,2022-12-05,17,TRUE,TRUE,archive,covid_archive,32,2022/23,18
COVID-19 cases,2022-12-12,17,TRUE,TRUE,archive,covid_archive,31,2022/23,18
COVID-19 cases,2022-12-19,13,TRUE,TRUE,archive,covid_archive,28,2022/23,14
COVID-19 cases,2022-12-26,11,TRUE,TRUE,archive,covid_archive,2,2022/23,12
COVID-19 cases,2023-01-02,17,TRUE,TRUE,archive,covid_archive,32,2022/23,18
COVID-19 cases,2023-01-09,16,TRUE,TRUE,archive,covid_archive,31,2022/23,17
COVID-19 cases,2023-01-16,18,TRUE,TRUE,archive,covid_archive,32,2022/23,19
COVID-19 cases,2023-01-23,16,TRUE,TRUE,archive,covid_archive,31,2022/23,17
COVID-19 cases,2023-01-30,18,TRUE,TRUE,archive,covid_archive,32,2022/23,19
COVID-19 cases,2023-02-06,16,TRUE,TRUE,archive,covid_archive,32,2022/23,17
COVID-19 cases,2023-02-13,18,TRUE,TRUE,archive,covid_archive,32,2022/23,19
COVID-19 cases,2023-02-20,18,TRUE,TRUE,archive,covid_archive,32,2022/23,19
COVID-19 cases,2023-02-27,16,TRUE,TRUE,archive,covid_archive,32,2022/23,17
COVID-19 cases,2023-03-06,15,TRUE,TRUE,archive,covid_archive,32,2022/23,16
COVID-19 cases,2023-03-13,10,TRUE,TRUE,archive,covid_archive,30,2022/23,11
COVID-19 cases,2023-03-20,10,TRUE,TRUE,archive,covid_archive,23,2022/23,11
COVID-19 cases,2023-03-27,11,TRUE,TRUE,archive,covid_archive,30,2022/23,12
COVID-19 cases,2023-04-03,13,TRUE,TRUE,archive,covid_archive,30,2022/23,14
COVID-19 cases,2023-04-10,11,TRUE,TRUE,archive,covid_archive,32,2022/23,12
COVID-19 cases,2023-04-17,10,TRUE,TRUE,archive,covid_archive,32,2022/23,11
COVID-19 cases,2023-04-24,9,TRUE,TRUE,archive,covid_archive,30,2022/23,10
COVID-19 cases,2023-05-01,11,TRUE,TRUE,archive,covid_archive,30,2022/23,12
COVID-19 cases,2023-05-08,9,TRUE,TRUE,archive,covid_archive,30,2022/23,10
COVID-19 cases,2023-05-15,7,TRUE,TRUE,archive,covid_archive,32,2022/23,8
COVID-19 cases,2023-05-22,9,TRUE,TRUE,archive,covid_archive,27,2022/23,10
COVID-19 cases,2023-05-29,8,TRUE,TRUE,archive,covid_archive,29,2022/23,9
COVID-19 cases,2023-06-05,9,TRUE,TRUE,archive,covid_archive,29,2022/23,10
COVID-19 cases,2023-06-12,9,TRUE,TRUE,archive,covid_archive,26,2022/23,10
COVID-19 cases,2023-06-19,8,TRUE,TRUE,archive,covid_archive,29,2022/23,9
COVID-19 cases,2023-06-26,7,TRUE,TRUE,archive,covid_archive,30,2022/23,8
COVID-19 cases,2023-07-03,8,TRUE,TRUE,archive,covid_archive,30,2022/23,9
COVID-19 cases,2023-07-10,8,TRUE,TRUE,archive,covid_archive,29,2022/23,9
COVID-19 cases,2023-07-17,7,TRUE,TRUE,archive,covid_archive,29,2022/23,8
COVID-19 cases,2023-07-24,7,TRUE,TRUE,archive,covid_archive,29,2022/23,8
COVID-19 cases,2023-07-31,7,TRUE,TRUE,archive,covid_archive,27,2022/23,8
COVID-19 cases,2023-08-07,7,TRUE,TRUE,archive,covid_archive,26,2023/24,8
COVID-19 cases,2023-08-14,7,TRUE,TRUE,archive,covid_archive,26,2023/24,8
COVID-19 cases,2023-08-21,6,TRUE,TRUE,archive,covid_archive,26,2023/24,7
COVID-19 cases,2023-08-28,8,FALSE,TRUE,archive,covid_archive,NA,2023/24,8
COVID-19 cases,2023-09-04,7,TRUE,TRUE,archive,covid_archive,25,2023/24,8
COVID-19 cases,2023-09-11,7,TRUE,TRUE,archive,covid_archive,25,2023/24,8
COVID-19 cases,2023-09-18,6,TRUE,TRUE,archive,covid_archive,25,2023/24,7
COVID-19 cases,2023-09-25,6,TRUE,TRUE,archive,covid_archive,24,2023/24,7
COVID-19 cases,2023-10-02,6,TRUE,TRUE,archive,covid_archive,24,2023/24,7
COVID-19 cases,2023-10-09,6,TRUE,TRUE,archive,covid_archive,23,2023/24,7
COVID-19 cases,2023-10-16,6,TRUE,TRUE,archive,covid_archive,18,2023/24,7
COVID-19 cases,2023-10-23,6,TRUE,TRUE,archive,covid_archive,22,2023/24,7
COVID-19 cases,2023-10-30,8,TRUE,TRUE,archive,covid_archive,25,2023/24,9
COVID-19 cases,2023-11-06,8,TRUE,TRUE,archive,covid_archive,24,2023/24,9
COVID-19 cases,2023-11-13,6,TRUE,TRUE,archive,covid_archive,25,2023/24,7
COVID-19 cases,2023-11-20,6,TRUE,TRUE,archive,covid_archive,1,2023/24,7
COVID-19 cases,2023-11-27,7,TRUE,TRUE,archive,covid_archive,1,2023/24,8
COVID-19 cases,2023-12-04,7,TRUE,TRUE,archive,covid_archive,12,2023/24,8
COVID-19 cases,2023-12-11,6,TRUE,TRUE,archive,covid_archive,6,2023/24,7
COVID-19 cases,2023-12-18,8,TRUE,FALSE,archive,covid_archive,2,2023/24,9
COVID-19 cases,2023-12-25,7,TRUE,TRUE,archive,covid_archive,21,2023/24,8
COVID-19 cases,2024-01-01,7,TRUE,TRUE,archive,covid_archive,20,2023/24,8
COVID-19 cases,2024-01-08,8,TRUE,TRUE,archive,covid_archive,19,2023/24,9
COVID-19 cases,2024-01-15,7,TRUE,TRUE,archive,covid_archive,22,2023/24,8
COVID-19 cases,2024-01-22,9,TRUE,TRUE,archive,covid_archive,22,2023/24,10
COVID-19 cases,2024-01-29,9,TRUE,TRUE,archive,covid_archive,22,2023/24,10
COVID-19 cases,2024-02-05,9,TRUE,TRUE,archive,covid_archive,21,2023/24,10
COVID-19 cases,2024-02-12,9,TRUE,TRUE,archive,covid_archive,22,2023/24,10
COVID-19 cases,2024-02-19,10,TRUE,TRUE,archive,covid_archive,22,2023/24,11
COVID-19 cases,2024-02-26,10,TRUE,TRUE,archive,covid_archive,21,2023/24,11
COVID-19 cases,2024-03-04,10,TRUE,TRUE,archive,covid_archive,21,2023/24,11
COVID-19 cases,2024-03-11,9,TRUE,TRUE,archive,covid_archive,21,2023/24,10
COVID-19 cases,2024-03-18,7,TRUE,TRUE,archive,covid_archive,21,2023/24,8
COVID-19 cases,2024-03-25,7,TRUE,TRUE,archive,covid_archive,21,2023/24,8
COVID-19 cases,2024-04-01,5,TRUE,TRUE,archive,covid_archive,21,2023/24,6
COVID-19 cases,2024-04-08,7,TRUE,TRUE,archive,covid_archive,22,2023/24,8
COVID-19 cases,2024-04-15,6,TRUE,TRUE,archive,covid_archive,22,2023/24,7
COVID-19 cases,2024-04-22,7,TRUE,TRUE,archive,covid_archive,24,2023/24,8
COVID-19 cases,2024-04-29,7,TRUE,FALSE,archive,covid_archive,21,2023/24,8
COVID-19 cases,2024-05-06,6,TRUE,FALSE,archive,covid_archive,24,2023/24,7
COVID-19 cases,2024-05-20,4,FALSE,FALSE,archive,covid_archive,NA,2023/24,4
COVID-19 cases,2024-05-27,4,FALSE,FALSE,archive,covid_archive,NA,2023/24,4
COVID-19 cases,2024-06-03,5,TRUE,FALSE,archive,covid_archive,20,2023/24,6
COVID-19 cases,2024-06-10,4,FALSE,FALSE,archive,covid_archive,NA,2023/24,4
COVID-19 cases,2024-06-17,2,FALSE,FALSE,archive,covid_archive,NA,2023/24,2
COVID-19 cases,2024-06-24,3,FALSE,FALSE,archive,covid_archive,NA,2023/24,3
COVID-19 cases,2024-07-01,3,FALSE,FALSE,archive,covid_archive,NA,2023/24,3
COVID-19 cases,2024-07-08,4,FALSE,FALSE,archive,covid_archive,NA,2023/24,4
COVID-19 cases,2024-07-15,4,FALSE,FALSE,archive,covid_archive,NA,2023/24,4
COVID-19 cases,2024-07-22,4,FALSE,FALSE,archive,covid_archive,NA,2023/24,4
COVID-19 cases,2024-07-29,4,FALSE,FALSE,archive,covid_archive,NA,2023/24,4
COVID-19 cases,2024-08-05,3,FALSE,FALSE,archive,covid_archive,NA,2024/25,3
COVID-19 cases,2024-08-12,1,FALSE,FALSE,archive,covid_archive,NA,2024/25,1
COVID-19 cases,2024-08-19,1,FALSE,FALSE,archive,covid_archive,NA,2024/25,1
COVID-19 cases,2024-08-26,1,FALSE,FALSE,archive,covid_archive,NA,2024/25,1
COVID-19 cases,2024-09-02,1,FALSE,FALSE,archive,covid_archive,NA,2024/25,1
COVID-19 cases,2024-09-09,2,FALSE,FALSE,archive,covid_archive,NA,2024/25,2
COVID-19 cases,2024-09-16,2,FALSE,FALSE,archive,covid_archive,NA,2024/25,2
COVID-19 cases,2024-09-23,2,FALSE,FALSE,archive,covid_archive,NA,2024/25,2
COVID-19 cases,2024-09-30,2,FALSE,FALSE,archive,covid_archive,NA,2024/25,2
COVID-19 cases,2024-10-07,2,FALSE,FALSE,archive,covid_archive,NA,2024/25,2
COVID-19 cases,2024-10-14,2,FALSE,FALSE,archive,covid_archive,NA,2024/25,2
COVID-19 deaths,2021-02-01,1,FALSE,FALSE,archive,covid_archive,NA,2020/21,1
COVID-19 deaths,2021-02-08,3,FALSE,FALSE,archive,covid_archive,NA,2020/21,3
COVID-19 deaths,2021-02-15,12,FALSE,FALSE,archive,covid_archive,NA,2020/21,12
COVID-19 deaths,2021-02-22,12,FALSE,FALSE,archive,covid_archive,NA,2020/21,12
COVID-19 deaths,2021-03-01,8,FALSE,FALSE,archive,covid_archive,NA,2020/21,8
COVID-19 deaths,2021-03-08,17,TRUE,TRUE,archive,covid_archive,32,2020/21,18
COVID-19 deaths,2021-03-15,21,TRUE,TRUE,archive,covid_archive,32,2020/21,22
COVID-19 deaths,2021-03-22,23,TRUE,TRUE,archive,covid_archive,32,2020/21,24
COVID-19 deaths,2021-03-29,27,TRUE,TRUE,archive,covid_archive,32,2020/21,28
COVID-19 deaths,2021-04-05,26,TRUE,TRUE,archive,covid_archive,32,2020/21,27
COVID-19 deaths,2021-04-12,29,TRUE,TRUE,archive,covid_archive,32,2020/21,30
COVID-19 deaths,2021-04-19,30,TRUE,TRUE,archive,covid_archive,32,2020/21,31
COVID-19 deaths,2021-04-26,30,TRUE,TRUE,archive,covid_archive,32,2020/21,31
COVID-19 deaths,2021-05-03,29,TRUE,TRUE,archive,covid_archive,32,2020/21,30
COVID-19 deaths,2021-05-10,32,TRUE,TRUE,archive,covid_archive,32,2020/21,33
COVID-19 deaths,2021-05-17,32,TRUE,TRUE,archive,covid_archive,32,2020/21,33
COVID-19 deaths,2021-05-24,30,TRUE,TRUE,archive,covid_archive,32,2020/21,31
COVID-19 deaths,2021-05-31,29,TRUE,TRUE,archive,covid_archive,32,2020/21,30
COVID-19 deaths,2021-06-07,32,TRUE,TRUE,archive,covid_archive,32,2020/21,33
COVID-19 deaths,2021-06-14,32,TRUE,TRUE,archive,covid_archive,32,2020/21,33
COVID-19 deaths,2021-06-21,32,TRUE,TRUE,archive,covid_archive,32,2020/21,33
COVID-19 deaths,2021-06-28,31,TRUE,TRUE,archive,covid_archive,32,2020/21,32
COVID-19 deaths,2021-07-05,31,TRUE,TRUE,archive,covid_archive,32,2020/21,32
COVID-19 deaths,2021-07-12,31,TRUE,TRUE,archive,covid_archive,32,2020/21,32
COVID-19 deaths,2021-07-19,30,TRUE,TRUE,archive,covid_archive,32,2020/21,31
COVID-19 deaths,2021-07-26,28,TRUE,TRUE,archive,covid_archive,32,2020/21,29
COVID-19 deaths,2021-08-02,29,TRUE,TRUE,archive,covid_archive,32,2021/22,30
COVID-19 deaths,2021-08-09,30,TRUE,TRUE,archive,covid_archive,32,2021/22,31
COVID-19 deaths,2021-08-16,29,TRUE,TRUE,archive,covid_archive,32,2021/22,30
COVID-19 deaths,2021-08-23,29,TRUE,TRUE,archive,covid_archive,32,2021/22,30
COVID-19 deaths,2021-08-30,26,TRUE,TRUE,archive,covid_archive,32,2021/22,27
COVID-19 deaths,2021-09-06,28,TRUE,TRUE,archive,covid_archive,32,2021/22,29
COVID-19 deaths,2021-09-13,28,TRUE,TRUE,archive,covid_archive,32,2021/22,29
COVID-19 deaths,2021-09-20,27,TRUE,TRUE,archive,covid_archive,32,2021/22,28
COVID-19 deaths,2021-09-27,26,TRUE,TRUE,archive,covid_archive,32,2021/22,27
COVID-19 deaths,2021-10-04,23,TRUE,TRUE,archive,covid_archive,32,2021/22,24
COVID-19 deaths,2021-10-11,25,TRUE,TRUE,archive,covid_archive,32,2021/22,26
COVID-19 deaths,2021-10-18,27,TRUE,TRUE,archive,covid_archive,32,2021/22,28
COVID-19 deaths,2021-10-25,26,TRUE,TRUE,archive,covid_archive,32,2021/22,27
COVID-19 deaths,2021-11-01,26,TRUE,TRUE,archive,covid_archive,32,2021/22,27
COVID-19 deaths,2021-11-08,26,TRUE,TRUE,archive,covid_archive,32,2021/22,27
COVID-19 deaths,2021-11-15,28,TRUE,TRUE,archive,covid_archive,32,2021/22,29
COVID-19 deaths,2021-11-22,28,TRUE,TRUE,archive,covid_archive,32,2021/22,29
COVID-19 deaths,2021-11-29,27,TRUE,TRUE,archive,covid_archive,32,2021/22,28
COVID-19 deaths,2021-12-06,26,TRUE,TRUE,archive,covid_archive,32,2021/22,27
COVID-19 deaths,2021-12-13,26,TRUE,TRUE,archive,covid_archive,32,2021/22,27
COVID-19 deaths,2021-12-20,24,TRUE,TRUE,archive,covid_archive,32,2021/22,25
COVID-19 deaths,2021-12-27,22,TRUE,TRUE,archive,covid_archive,32,2021/22,23
COVID-19 deaths,2022-01-03,22,TRUE,TRUE,archive,covid_archive,32,2021/22,23
COVID-19 deaths,2022-01-10,23,TRUE,TRUE,archive,covid_archive,32,2021/22,24
COVID-19 deaths,2022-01-17,24,TRUE,TRUE,archive,covid_archive,32,2021/22,25
COVID-19 deaths,2022-01-24,24,TRUE,TRUE,archive,covid_archive,32,2021/22,25
COVID-19 deaths,2022-01-31,23,TRUE,TRUE,archive,covid_archive,32,2021/22,24
COVID-19 deaths,2022-02-07,25,TRUE,TRUE,archive,covid_archive,32,2021/22,26
COVID-19 deaths,2022-02-14,23,TRUE,TRUE,archive,covid_archive,32,2021/22,24
COVID-19 deaths,2022-02-21,24,TRUE,TRUE,archive,covid_archive,32,2021/22,25
COVID-19 deaths,2022-02-28,23,TRUE,TRUE,archive,covid_archive,32,2021/22,24
COVID-19 deaths,2022-03-07,21,TRUE,TRUE,archive,covid_archive,32,2021/22,22
COVID-19 deaths,2022-03-14,23,TRUE,TRUE,archive,covid_archive,32,2021/22,24
COVID-19 deaths,2022-03-21,22,TRUE,TRUE,archive,covid_archive,32,2021/22,23
COVID-19 deaths,2022-03-28,21,TRUE,TRUE,archive,covid_archive,32,2021/22,22
COVID-19 deaths,2022-04-04,23,TRUE,TRUE,archive,covid_archive,32,2021/22,24
COVID-19 deaths,2022-04-11,23,TRUE,TRUE,archive,covid_archive,32,2021/22,24
COVID-19 deaths,2022-04-18,17,TRUE,TRUE,archive,covid_archive,32,2021/22,18
COVID-19 deaths,2022-04-25,22,TRUE,TRUE,archive,covid_archive,32,2021/22,23
COVID-19 deaths,2022-05-02,21,TRUE,TRUE,archive,covid_archive,32,2021/22,22
COVID-19 deaths,2022-05-09,20,TRUE,TRUE,archive,covid_archive,32,2021/22,21
COVID-19 deaths,2022-05-16,17,TRUE,TRUE,archive,covid_archive,32,2021/22,18
COVID-19 deaths,2022-05-23,18,TRUE,TRUE,archive,covid_archive,32,2021/22,19
COVID-19 deaths,2022-05-30,20,TRUE,TRUE,archive,covid_archive,32,2021/22,21
COVID-19 deaths,2022-06-06,16,TRUE,TRUE,archive,covid_archive,32,2021/22,17
COVID-19 deaths,2022-06-13,17,TRUE,TRUE,archive,covid_archive,32,2021/22,18
COVID-19 deaths,2022-06-20,19,TRUE,TRUE,archive,covid_archive,32,2021/22,20
COVID-19 deaths,2022-06-27,18,TRUE,TRUE,archive,covid_archive,32,2021/22,19
COVID-19 deaths,2022-07-04,13,TRUE,TRUE,archive,covid_archive,32,2021/22,14
COVID-19 deaths,2022-07-11,13,TRUE,TRUE,archive,covid_archive,32,2021/22,14
COVID-19 deaths,2022-07-18,15,TRUE,TRUE,archive,covid_archive,32,2021/22,16
COVID-19 deaths,2022-07-25,15,TRUE,TRUE,archive,covid_archive,32,2021/22,16
COVID-19 deaths,2022-08-01,15,TRUE,TRUE,archive,covid_archive,32,2022/23,16
COVID-19 deaths,2022-08-08,15,TRUE,TRUE,archive,covid_archive,32,2022/23,16
COVID-19 deaths,2022-08-15,15,TRUE,TRUE,archive,covid_archive,32,2022/23,16
COVID-19 deaths,2022-08-22,15,TRUE,TRUE,archive,covid_archive,32,2022/23,16
COVID-19 deaths,2022-08-29,14,TRUE,TRUE,archive,covid_archive,32,2022/23,15
COVID-19 deaths,2022-09-05,15,TRUE,TRUE,archive,covid_archive,32,2022/23,16
COVID-19 deaths,2022-09-12,14,TRUE,TRUE,archive,covid_archive,32,2022/23,15
COVID-19 deaths,2022-09-19,15,TRUE,TRUE,archive,covid_archive,32,2022/23,16
COVID-19 deaths,2022-09-26,14,TRUE,TRUE,archive,covid_archive,32,2022/23,15
COVID-19 deaths,2022-10-03,13,TRUE,TRUE,archive,covid_archive,32,2022/23,14
COVID-19 deaths,2022-10-10,14,TRUE,TRUE,archive,covid_archive,32,2022/23,15
COVID-19 deaths,2022-10-17,13,TRUE,TRUE,archive,covid_archive,32,2022/23,14
COVID-19 deaths,2022-10-24,13,TRUE,TRUE,archive,covid_archive,32,2022/23,14
COVID-19 deaths,2022-10-31,12,TRUE,TRUE,archive,covid_archive,32,2022/23,13
COVID-19 deaths,2022-11-07,14,TRUE,TRUE,archive,covid_archive,32,2022/23,15
COVID-19 deaths,2022-11-14,13,TRUE,TRUE,archive,covid_archive,32,2022/23,14
COVID-19 deaths,2022-11-21,12,TRUE,TRUE,archive,covid_archive,32,2022/23,13
COVID-19 deaths,2022-11-28,12,TRUE,TRUE,archive,covid_archive,32,2022/23,13
COVID-19 deaths,2022-12-05,12,TRUE,TRUE,archive,covid_archive,32,2022/23,13
COVID-19 deaths,2022-12-12,12,TRUE,TRUE,archive,covid_archive,31,2022/23,13
COVID-19 deaths,2022-12-19,8,TRUE,TRUE,archive,covid_archive,7,2022/23,9
COVID-19 deaths,2022-12-26,7,FALSE,TRUE,archive,covid_archive,NA,2022/23,7
COVID-19 deaths,2023-01-02,12,TRUE,TRUE,archive,covid_archive,24,2022/23,13
COVID-19 deaths,2023-01-09,11,TRUE,TRUE,archive,covid_archive,7,2022/23,12
COVID-19 deaths,2023-01-16,13,TRUE,TRUE,archive,covid_archive,31,2022/23,14
COVID-19 deaths,2023-01-23,12,TRUE,TRUE,archive,covid_archive,29,2022/23,13
COVID-19 deaths,2023-01-30,12,TRUE,TRUE,archive,covid_archive,32,2022/23,13
COVID-19 deaths,2023-02-06,11,TRUE,TRUE,archive,covid_archive,31,2022/23,12
COVID-19 deaths,2023-02-13,12,TRUE,TRUE,archive,covid_archive,31,2022/23,13
COVID-19 deaths,2023-02-20,12,TRUE,TRUE,archive,covid_archive,31,2022/23,13
COVID-19 deaths,2023-02-27,10,TRUE,TRUE,archive,covid_archive,31,2022/23,11
COVID-19 deaths,2023-03-06,10,TRUE,TRUE,archive,covid_archive,32,2022/23,11
COVID-19 deaths,2023-03-13,7,TRUE,TRUE,archive,covid_archive,25,2022/23,8
COVID-19 deaths,2023-03-20,7,TRUE,TRUE,archive,covid_archive,20,2022/23,8
COVID-19 deaths,2023-03-27,6,TRUE,TRUE,archive,covid_archive,29,2022/23,7
COVID-19 deaths,2023-04-03,7,TRUE,TRUE,archive,covid_archive,30,2022/23,8
COVID-19 deaths,2023-04-10,6,TRUE,TRUE,archive,covid_archive,32,2022/23,7
COVID-19 deaths,2023-04-17,5,TRUE,TRUE,archive,covid_archive,32,2022/23,6
COVID-19 deaths,2023-04-24,5,TRUE,TRUE,archive,covid_archive,30,2022/23,6
COVID-19 deaths,2023-05-01,7,TRUE,TRUE,archive,covid_archive,29,2022/23,8
COVID-19 deaths,2023-05-08,8,TRUE,TRUE,archive,covid_archive,30,2022/23,9
COVID-19 deaths,2023-05-15,6,TRUE,TRUE,archive,covid_archive,32,2022/23,7
COVID-19 deaths,2023-05-22,8,TRUE,TRUE,archive,covid_archive,21,2022/23,9
COVID-19 deaths,2023-05-29,7,TRUE,TRUE,archive,covid_archive,23,2022/23,8
COVID-19 deaths,2023-06-05,7,TRUE,TRUE,archive,covid_archive,23,2022/23,8
COVID-19 deaths,2023-06-12,7,TRUE,TRUE,archive,covid_archive,20,2022/23,8
COVID-19 deaths,2023-06-19,6,TRUE,TRUE,archive,covid_archive,23,2022/23,7
COVID-19 deaths,2023-06-26,6,TRUE,TRUE,archive,covid_archive,23,2022/23,7
COVID-19 deaths,2023-07-03,6,TRUE,TRUE,archive,covid_archive,23,2022/23,7
COVID-19 deaths,2023-07-10,6,TRUE,TRUE,archive,covid_archive,22,2022/23,7
COVID-19 deaths,2023-07-17,6,TRUE,TRUE,archive,covid_archive,21,2022/23,7
COVID-19 deaths,2023-07-24,6,TRUE,TRUE,archive,covid_archive,21,2022/23,7
COVID-19 deaths,2023-07-31,6,TRUE,TRUE,archive,covid_archive,18,2022/23,7
COVID-19 deaths,2023-08-07,6,TRUE,TRUE,archive,covid_archive,16,2023/24,7
COVID-19 deaths,2023-08-14,6,TRUE,TRUE,archive,covid_archive,17,2023/24,7
COVID-19 deaths,2023-08-21,5,TRUE,TRUE,archive,covid_archive,17,2023/24,6
COVID-19 deaths,2023-08-28,6,FALSE,TRUE,archive,covid_archive,NA,2023/24,6
COVID-19 deaths,2023-09-04,5,TRUE,TRUE,archive,covid_archive,16,2023/24,6
COVID-19 deaths,2023-09-11,6,TRUE,TRUE,archive,covid_archive,18,2023/24,7
COVID-19 deaths,2023-09-18,5,TRUE,TRUE,archive,covid_archive,18,2023/24,6
COVID-19 deaths,2023-09-25,5,TRUE,TRUE,archive,covid_archive,18,2023/24,6
COVID-19 deaths,2023-10-02,5,TRUE,TRUE,archive,covid_archive,18,2023/24,6
COVID-19 deaths,2023-10-09,5,TRUE,TRUE,archive,covid_archive,16,2023/24,6
COVID-19 deaths,2023-10-16,5,TRUE,TRUE,archive,covid_archive,11,2023/24,6
COVID-19 deaths,2023-10-23,5,TRUE,TRUE,archive,covid_archive,16,2023/24,6
COVID-19 deaths,2023-10-30,7,TRUE,TRUE,archive,covid_archive,21,2023/24,8
COVID-19 deaths,2023-11-06,7,TRUE,TRUE,archive,covid_archive,21,2023/24,8
COVID-19 deaths,2023-11-13,5,TRUE,TRUE,archive,covid_archive,21,2023/24,6
COVID-19 deaths,2023-11-20,5,TRUE,TRUE,archive,covid_archive,1,2023/24,6
COVID-19 deaths,2023-11-27,6,TRUE,TRUE,archive,covid_archive,1,2023/24,7
COVID-19 deaths,2023-12-04,6,TRUE,TRUE,archive,covid_archive,10,2023/24,7
COVID-19 deaths,2023-12-11,5,TRUE,TRUE,archive,covid_archive,2,2023/24,6
COVID-19 deaths,2023-12-18,5,TRUE,FALSE,archive,covid_archive,1,2023/24,6
COVID-19 deaths,2023-12-25,6,TRUE,TRUE,archive,covid_archive,12,2023/24,7
COVID-19 deaths,2024-01-01,6,TRUE,TRUE,archive,covid_archive,11,2023/24,7
COVID-19 deaths,2024-01-08,7,TRUE,TRUE,archive,covid_archive,7,2023/24,8
COVID-19 deaths,2024-01-15,6,TRUE,TRUE,archive,covid_archive,12,2023/24,7
COVID-19 deaths,2024-01-22,8,TRUE,TRUE,archive,covid_archive,16,2023/24,9
COVID-19 deaths,2024-01-29,8,TRUE,TRUE,archive,covid_archive,15,2023/24,9
COVID-19 deaths,2024-02-05,8,TRUE,TRUE,archive,covid_archive,14,2023/24,9
COVID-19 deaths,2024-02-12,8,TRUE,TRUE,archive,covid_archive,12,2023/24,9
COVID-19 deaths,2024-02-19,9,TRUE,TRUE,archive,covid_archive,12,2023/24,10
COVID-19 deaths,2024-02-26,9,TRUE,TRUE,archive,covid_archive,11,2023/24,10
COVID-19 deaths,2024-03-04,9,TRUE,TRUE,archive,covid_archive,11,2023/24,10
COVID-19 deaths,2024-03-11,8,TRUE,TRUE,archive,covid_archive,11,2023/24,9
COVID-19 deaths,2024-03-18,6,TRUE,TRUE,archive,covid_archive,11,2023/24,7
COVID-19 deaths,2024-03-25,6,TRUE,TRUE,archive,covid_archive,11,2023/24,7
COVID-19 deaths,2024-04-01,4,TRUE,TRUE,archive,covid_archive,5,2023/24,5
COVID-19 deaths,2024-04-08,6,TRUE,TRUE,archive,covid_archive,13,2023/24,7
COVID-19 deaths,2024-04-15,6,TRUE,TRUE,archive,covid_archive,13,2023/24,7
COVID-19 deaths,2024-04-22,7,TRUE,TRUE,archive,covid_archive,13,2023/24,8
COVID-19 deaths,2024-04-29,9,TRUE,FALSE,archive,covid_archive,6,2023/24,10
COVID-19 deaths,2024-05-06,7,TRUE,FALSE,archive,covid_archive,9,2023/24,8
COVID-19 deaths,2024-05-20,6,FALSE,FALSE,archive,covid_archive,NA,2023/24,6
COVID-19 deaths,2024-05-27,6,FALSE,FALSE,archive,covid_archive,NA,2023/24,6
COVID-19 deaths,2024-06-03,7,TRUE,FALSE,archive,covid_archive,7,2023/24,8
COVID-19 deaths,2024-06-10,6,FALSE,FALSE,archive,covid_archive,NA,2023/24,6
COVID-19 deaths,2024-06-17,4,FALSE,FALSE,archive,covid_archive,NA,2023/24,4
COVID-19 deaths,2024-06-24,4,FALSE,FALSE,archive,covid_archive,NA,2023/24,4
COVID-19 deaths,2024-07-01,5,TRUE,FALSE,archive,covid_archive,11,2023/24,6
COVID-19 deaths,2024-07-08,6,TRUE,FALSE,archive,covid_archive,12,2023/24,7
COVID-19 deaths,2024-07-15,6,TRUE,FALSE,archive,covid_archive,13,2023/24,7
COVID-19 deaths,2024-07-22,5,TRUE,FALSE,archive,covid_archive,4,2023/24,6
COVID-19 deaths,2024-07-29,6,TRUE,FALSE,archive,covid_archive,12,2023/24,7
COVID-19 deaths,2024-08-05,5,TRUE,FALSE,archive,covid_archive,10,2024/25,6
COVID-19 deaths,2024-08-12,2,FALSE,FALSE,archive,covid_archive,NA,2024/25,2
COVID-19 deaths,2024-08-19,3,TRUE,FALSE,archive,covid_archive,10,2024/25,4
COVID-19 deaths,2024-08-26,1,FALSE,FALSE,archive,covid_archive,NA,2024/25,1
COVID-19 deaths,2024-09-02,3,FALSE,FALSE,archive,covid_archive,NA,2024/25,3
COVID-19 deaths,2024-09-09,3,FALSE,FALSE,archive,covid_archive,NA,2024/25,3
COVID-19 deaths,2024-09-16,2,FALSE,FALSE,archive,covid_archive,NA,2024/25,2
COVID-19 deaths,2024-09-23,2,FALSE,FALSE,archive,covid_archive,NA,2024/25,2
COVID-19 deaths,2024-09-30,2,FALSE,FALSE,archive,covid_archive,NA,2024/25,2
COVID-19 deaths,2024-10-07,2,FALSE,FALSE,archive,covid_archive,NA,2024/25,2
COVID-19 deaths,2024-10-14,2,FALSE,FALSE,archive,covid_archive,NA,2024/25,2
COVID-19 hospitalisations,2021-07-26,0,FALSE,TRUE,archive,covid_archive,NA,2020/21,0
COVID-19 hospitalisations,2021-08-02,1,FALSE,TRUE,archive,covid_archive,NA,2021/22,1
COVID-19 hospitalisations,2021-08-09,1,FALSE,TRUE,archive,covid_archive,NA,2021/22,1
COVID-19 hospitalisations,2021-08-16,1,FALSE,TRUE,archive,covid_archive,NA,2021/22,1
COVID-19 hospitalisations,2021-08-23,1,FALSE,TRUE,archive,covid_archive,NA,2021/22,1
COVID-19 hospitalisations,2021-08-30,2,FALSE,TRUE,archive,covid_archive,NA,2021/22,2
COVID-19 hospitalisations,2021-09-06,3,TRUE,TRUE,archive,covid_archive,11,2021/22,4
COVID-19 hospitalisations,2021-09-13,3,TRUE,TRUE,archive,covid_archive,11,2021/22,4
COVID-19 hospitalisations,2021-09-20,3,TRUE,TRUE,archive,covid_archive,11,2021/22,4
COVID-19 hospitalisations,2021-09-27,3,TRUE,TRUE,archive,covid_archive,11,2021/22,4
COVID-19 hospitalisations,2021-10-04,6,TRUE,TRUE,archive,covid_archive,11,2021/22,7
COVID-19 hospitalisations,2021-10-11,7,TRUE,TRUE,archive,covid_archive,11,2021/22,8
COVID-19 hospitalisations,2021-10-18,6,TRUE,TRUE,archive,covid_archive,11,2021/22,7
COVID-19 hospitalisations,2021-10-25,6,TRUE,TRUE,archive,covid_archive,11,2021/22,7
COVID-19 hospitalisations,2021-11-01,7,TRUE,TRUE,archive,covid_archive,11,2021/22,8
COVID-19 hospitalisations,2021-11-08,8,TRUE,TRUE,archive,covid_archive,18,2021/22,9
COVID-19 hospitalisations,2021-11-15,8,TRUE,TRUE,archive,covid_archive,19,2021/22,9
COVID-19 hospitalisations,2021-11-22,9,TRUE,TRUE,archive,covid_archive,19,2021/22,10
COVID-19 hospitalisations,2021-11-29,11,TRUE,TRUE,archive,covid_archive,18,2021/22,12
COVID-19 hospitalisations,2021-12-06,9,TRUE,TRUE,archive,covid_archive,17,2021/22,10
COVID-19 hospitalisations,2021-12-13,8,TRUE,TRUE,archive,covid_archive,17,2021/22,9
COVID-19 hospitalisations,2021-12-20,8,TRUE,TRUE,archive,covid_archive,17,2021/22,9
COVID-19 hospitalisations,2021-12-27,8,TRUE,TRUE,archive,covid_archive,17,2021/22,9
COVID-19 hospitalisations,2022-01-03,8,TRUE,TRUE,archive,covid_archive,17,2021/22,9
COVID-19 hospitalisations,2022-01-10,8,TRUE,TRUE,archive,covid_archive,17,2021/22,9
COVID-19 hospitalisations,2022-01-17,8,TRUE,TRUE,archive,covid_archive,16,2021/22,9
COVID-19 hospitalisations,2022-01-24,8,TRUE,TRUE,archive,covid_archive,16,2021/22,9
COVID-19 hospitalisations,2022-01-31,8,TRUE,TRUE,archive,covid_archive,15,2021/22,9
COVID-19 hospitalisations,2022-02-07,8,TRUE,TRUE,archive,covid_archive,17,2021/22,9
COVID-19 hospitalisations,2022-02-14,8,TRUE,TRUE,archive,covid_archive,17,2021/22,9
COVID-19 hospitalisations,2022-02-21,8,TRUE,TRUE,archive,covid_archive,16,2021/22,9
COVID-19 hospitalisations,2022-02-28,7,TRUE,TRUE,archive,covid_archive,14,2021/22,8
COVID-19 hospitalisations,2022-03-07,7,TRUE,TRUE,archive,covid_archive,14,2021/22,8
COVID-19 hospitalisations,2022-03-14,8,TRUE,TRUE,archive,covid_archive,16,2021/22,9
COVID-19 hospitalisations,2022-03-21,8,TRUE,TRUE,archive,covid_archive,16,2021/22,9
COVID-19 hospitalisations,2022-03-28,8,TRUE,TRUE,archive,covid_archive,15,2021/22,9
COVID-19 hospitalisations,2022-04-04,8,TRUE,TRUE,archive,covid_archive,15,2021/22,9
COVID-19 hospitalisations,2022-04-11,8,TRUE,TRUE,archive,covid_archive,15,2021/22,9
COVID-19 hospitalisations,2022-04-18,7,TRUE,TRUE,archive,covid_archive,15,2021/22,8
COVID-19 hospitalisations,2022-04-25,7,TRUE,TRUE,archive,covid_archive,15,2021/22,8
COVID-19 hospitalisations,2022-05-02,7,TRUE,TRUE,archive,covid_archive,15,2021/22,8
COVID-19 hospitalisations,2022-05-09,7,TRUE,TRUE,archive,covid_archive,16,2021/22,8
COVID-19 hospitalisations,2022-05-16,7,TRUE,TRUE,archive,covid_archive,15,2021/22,8
COVID-19 hospitalisations,2022-05-23,6,TRUE,TRUE,archive,covid_archive,15,2021/22,7
COVID-19 hospitalisations,2022-05-30,6,TRUE,TRUE,archive,covid_archive,14,2021/22,7
COVID-19 hospitalisations,2022-06-06,6,TRUE,TRUE,archive,covid_archive,14,2021/22,7
COVID-19 hospitalisations,2022-06-13,6,TRUE,TRUE,archive,covid_archive,13,2021/22,7
COVID-19 hospitalisations,2022-06-20,3,TRUE,TRUE,archive,covid_archive,13,2021/22,4
COVID-19 hospitalisations,2022-06-27,6,TRUE,TRUE,archive,covid_archive,13,2021/22,7
COVID-19 hospitalisations,2022-07-04,6,TRUE,TRUE,archive,covid_archive,13,2021/22,7
COVID-19 hospitalisations,2022-07-11,7,TRUE,TRUE,archive,covid_archive,14,2021/22,8
COVID-19 hospitalisations,2022-07-18,7,TRUE,TRUE,archive,covid_archive,13,2021/22,8
COVID-19 hospitalisations,2022-07-25,7,TRUE,TRUE,archive,covid_archive,14,2021/22,8
COVID-19 hospitalisations,2022-08-01,7,TRUE,TRUE,archive,covid_archive,14,2022/23,8
COVID-19 hospitalisations,2022-08-08,7,TRUE,TRUE,archive,covid_archive,14,2022/23,8
COVID-19 hospitalisations,2022-08-15,7,TRUE,TRUE,archive,covid_archive,14,2022/23,8
COVID-19 hospitalisations,2022-08-22,7,TRUE,TRUE,archive,covid_archive,13,2022/23,8
COVID-19 hospitalisations,2022-08-29,7,TRUE,TRUE,archive,covid_archive,14,2022/23,8
COVID-19 hospitalisations,2022-09-05,7,TRUE,TRUE,archive,covid_archive,13,2022/23,8
COVID-19 hospitalisations,2022-09-12,7,TRUE,TRUE,archive,covid_archive,13,2022/23,8
COVID-19 hospitalisations,2022-09-19,7,TRUE,TRUE,archive,covid_archive,13,2022/23,8
COVID-19 hospitalisations,2022-09-26,7,TRUE,TRUE,archive,covid_archive,13,2022/23,8
COVID-19 hospitalisations,2022-10-03,6,TRUE,TRUE,archive,covid_archive,11,2022/23,7
COVID-19 hospitalisations,2022-10-10,7,TRUE,TRUE,archive,covid_archive,12,2022/23,8
COVID-19 hospitalisations,2022-10-17,4,TRUE,TRUE,archive,covid_archive,12,2022/23,5
COVID-19 hospitalisations,2022-10-24,3,TRUE,TRUE,archive,covid_archive,13,2022/23,4
COVID-19 hospitalisations,2022-10-31,4,TRUE,TRUE,archive,covid_archive,13,2022/23,5
COVID-19 hospitalisations,2022-11-07,4,TRUE,TRUE,archive,covid_archive,13,2022/23,5
COVID-19 hospitalisations,2022-11-14,3,TRUE,TRUE,archive,covid_archive,13,2022/23,4
COVID-19 hospitalisations,2022-11-21,3,TRUE,TRUE,archive,covid_archive,13,2022/23,4
COVID-19 hospitalisations,2022-11-28,3,TRUE,TRUE,archive,covid_archive,13,2022/23,4
COVID-19 hospitalisations,2022-12-05,3,TRUE,TRUE,archive,covid_archive,6,2022/23,4
COVID-19 hospitalisations,2022-12-12,3,FALSE,TRUE,archive,covid_archive,NA,2022/23,3
COVID-19 hospitalisations,2022-12-19,1,FALSE,TRUE,archive,covid_archive,NA,2022/23,1
COVID-19 hospitalisations,2022-12-26,0,FALSE,TRUE,archive,covid_archive,NA,2022/23,0
COVID-19 hospitalisations,2023-01-02,6,FALSE,TRUE,archive,covid_archive,NA,2022/23,6
COVID-19 hospitalisations,2023-01-09,2,TRUE,TRUE,archive,covid_archive,9,2022/23,3
COVID-19 hospitalisations,2023-01-16,6,FALSE,TRUE,archive,covid_archive,NA,2022/23,6
COVID-19 hospitalisations,2023-01-23,6,TRUE,TRUE,archive,covid_archive,9,2022/23,7
COVID-19 hospitalisations,2023-01-30,5,TRUE,TRUE,archive,covid_archive,9,2022/23,6
COVID-19 hospitalisations,2023-02-06,5,FALSE,TRUE,archive,covid_archive,NA,2022/23,5
COVID-19 hospitalisations,2023-02-13,5,TRUE,TRUE,archive,covid_archive,9,2022/23,6
COVID-19 hospitalisations,2023-02-20,2,TRUE,TRUE,archive,covid_archive,17,2022/23,3
COVID-19 hospitalisations,2023-02-27,4,FALSE,TRUE,archive,covid_archive,NA,2022/23,4
COVID-19 hospitalisations,2023-03-06,2,TRUE,TRUE,archive,covid_archive,17,2022/23,3
COVID-19 hospitalisations,2023-03-13,2,TRUE,TRUE,archive,covid_archive,20,2022/23,3
COVID-19 hospitalisations,2023-03-20,3,TRUE,TRUE,archive,covid_archive,20,2022/23,4
COVID-19 hospitalisations,2023-03-27,5,TRUE,TRUE,archive,covid_archive,20,2022/23,6
COVID-19 hospitalisations,2023-04-03,5,TRUE,TRUE,archive,covid_archive,20,2022/23,6
COVID-19 hospitalisations,2023-04-10,3,TRUE,TRUE,archive,covid_archive,19,2022/23,4
COVID-19 hospitalisations,2023-04-17,3,TRUE,TRUE,archive,covid_archive,19,2022/23,4
COVID-19 hospitalisations,2023-04-24,3,TRUE,TRUE,archive,covid_archive,19,2022/23,4
COVID-19 hospitalisations,2023-05-01,3,TRUE,TRUE,archive,covid_archive,19,2022/23,4
COVID-19 hospitalisations,2023-05-08,3,TRUE,TRUE,archive,covid_archive,19,2022/23,4
COVID-19 hospitalisations,2023-05-15,3,TRUE,TRUE,archive,covid_archive,19,2022/23,4
COVID-19 hospitalisations,2023-05-22,4,TRUE,TRUE,archive,covid_archive,14,2022/23,5
COVID-19 hospitalisations,2023-05-29,4,TRUE,TRUE,archive,covid_archive,14,2022/23,5
COVID-19 hospitalisations,2023-06-05,4,TRUE,TRUE,archive,covid_archive,13,2022/23,5
COVID-19 hospitalisations,2023-06-12,4,TRUE,TRUE,archive,covid_archive,12,2022/23,5
COVID-19 hospitalisations,2023-06-19,4,TRUE,TRUE,archive,covid_archive,13,2022/23,5
COVID-19 hospitalisations,2023-06-26,4,TRUE,TRUE,archive,covid_archive,13,2022/23,5
COVID-19 hospitalisations,2023-07-03,4,TRUE,TRUE,archive,covid_archive,12,2022/23,5
COVID-19 hospitalisations,2023-07-10,4,TRUE,TRUE,archive,covid_archive,12,2022/23,5
COVID-19 hospitalisations,2023-07-17,4,TRUE,TRUE,archive,covid_archive,11,2022/23,5
COVID-19 hospitalisations,2023-07-24,4,TRUE,TRUE,archive,covid_archive,11,2022/23,5
COVID-19 hospitalisations,2023-07-31,4,TRUE,TRUE,archive,covid_archive,9,2022/23,5
COVID-19 hospitalisations,2023-08-07,4,TRUE,TRUE,archive,covid_archive,9,2023/24,5
COVID-19 hospitalisations,2023-08-14,4,TRUE,TRUE,archive,covid_archive,9,2023/24,5
COVID-19 hospitalisations,2023-08-21,4,TRUE,TRUE,archive,covid_archive,9,2023/24,5
COVID-19 hospitalisations,2023-08-28,4,FALSE,TRUE,archive,covid_archive,NA,2023/24,4
COVID-19 hospitalisations,2023-09-04,4,TRUE,TRUE,archive,covid_archive,9,2023/24,5
COVID-19 hospitalisations,2023-09-11,4,TRUE,TRUE,archive,covid_archive,9,2023/24,5
COVID-19 hospitalisations,2023-09-18,4,TRUE,TRUE,archive,covid_archive,9,2023/24,5
COVID-19 hospitalisations,2023-09-25,4,TRUE,TRUE,archive,covid_archive,9,2023/24,5
COVID-19 hospitalisations,2023-10-02,4,TRUE,TRUE,archive,covid_archive,9,2023/24,5
COVID-19 hospitalisations,2023-10-09,4,TRUE,TRUE,archive,covid_archive,9,2023/24,5
COVID-19 hospitalisations,2023-10-16,3,TRUE,TRUE,archive,covid_archive,6,2023/24,4
COVID-19 hospitalisations,2023-10-23,3,TRUE,TRUE,archive,covid_archive,6,2023/24,4
COVID-19 hospitalisations,2023-10-30,4,TRUE,TRUE,archive,covid_archive,9,2023/24,5
COVID-19 hospitalisations,2023-11-06,4,TRUE,TRUE,archive,covid_archive,8,2023/24,5
COVID-19 hospitalisations,2023-11-13,2,TRUE,TRUE,archive,covid_archive,6,2023/24,3
COVID-19 hospitalisations,2023-11-20,2,FALSE,TRUE,archive,covid_archive,NA,2023/24,2
COVID-19 hospitalisations,2023-11-27,5,FALSE,TRUE,archive,covid_archive,NA,2023/24,5
COVID-19 hospitalisations,2023-12-04,5,TRUE,TRUE,archive,covid_archive,2,2023/24,6
COVID-19 hospitalisations,2023-12-11,5,TRUE,TRUE,archive,covid_archive,1,2023/24,6
COVID-19 hospitalisations,2023-12-18,5,TRUE,FALSE,archive,covid_archive,3,2023/24,6
COVID-19 hospitalisations,2023-12-25,5,TRUE,TRUE,archive,covid_archive,2,2023/24,6
COVID-19 hospitalisations,2024-01-01,4,TRUE,TRUE,archive,covid_archive,2,2023/24,5
COVID-19 hospitalisations,2024-01-08,4,FALSE,TRUE,archive,covid_archive,NA,2023/24,4
COVID-19 hospitalisations,2024-01-15,3,TRUE,TRUE,archive,covid_archive,1,2023/24,4
COVID-19 hospitalisations,2024-01-22,5,TRUE,TRUE,archive,covid_archive,2,2023/24,6
COVID-19 hospitalisations,2024-01-29,5,TRUE,TRUE,archive,covid_archive,2,2023/24,6
COVID-19 hospitalisations,2024-02-05,5,TRUE,TRUE,archive,covid_archive,2,2023/24,6
COVID-19 hospitalisations,2024-02-12,5,TRUE,TRUE,archive,covid_archive,2,2023/24,6
COVID-19 hospitalisations,2024-02-19,6,TRUE,TRUE,archive,covid_archive,2,2023/24,7
COVID-19 hospitalisations,2024-02-26,6,TRUE,TRUE,archive,covid_archive,2,2023/24,7
COVID-19 hospitalisations,2024-03-04,6,TRUE,TRUE,archive,covid_archive,2,2023/24,7
COVID-19 hospitalisations,2024-03-11,5,TRUE,TRUE,archive,covid_archive,2,2023/24,6
COVID-19 hospitalisations,2024-03-18,4,TRUE,TRUE,archive,covid_archive,1,2023/24,5
COVID-19 hospitalisations,2024-03-25,4,TRUE,TRUE,archive,covid_archive,2,2023/24,5
COVID-19 hospitalisations,2024-04-01,3,TRUE,TRUE,archive,covid_archive,1,2023/24,4
COVID-19 hospitalisations,2024-04-08,4,TRUE,TRUE,archive,covid_archive,2,2023/24,5
COVID-19 hospitalisations,2024-04-15,4,TRUE,TRUE,archive,covid_archive,1,2023/24,5
COVID-19 hospitalisations,2024-04-22,5,TRUE,TRUE,archive,covid_archive,2,2023/24,6
COVID-19 hospitalisations,2024-04-29,5,TRUE,FALSE,archive,covid_archive,1,2023/24,6
COVID-19 hospitalisations,2024-05-06,4,FALSE,FALSE,archive,covid_archive,NA,2023/24,4
COVID-19 hospitalisations,2024-05-20,3,FALSE,FALSE,archive,covid_archive,NA,2023/24,3
COVID-19 hospitalisations,2024-05-27,4,FALSE,FALSE,archive,covid_archive,NA,2023/24,4
COVID-19 hospitalisations,2024-06-03,4,FALSE,FALSE,archive,covid_archive,NA,2023/24,4
COVID-19 hospitalisations,2024-06-10,4,FALSE,FALSE,archive,covid_archive,NA,2023/24,4
COVID-19 hospitalisations,2024-06-17,2,FALSE,FALSE,archive,covid_archive,NA,2023/24,2
COVID-19 hospitalisations,2024-06-24,3,FALSE,FALSE,archive,covid_archive,NA,2023/24,3
COVID-19 hospitalisations,2024-07-01,3,FALSE,FALSE,archive,covid_archive,NA,2023/24,3
COVID-19 hospitalisations,2024-07-08,4,FALSE,FALSE,archive,covid_archive,NA,2023/24,4
COVID-19 hospitalisations,2024-07-15,4,FALSE,FALSE,archive,covid_archive,NA,2023/24,4
COVID-19 hospitalisations,2024-07-22,4,FALSE,FALSE,archive,covid_archive,NA,2023/24,4
COVID-19 hospitalisations,2024-07-29,4,FALSE,FALSE,archive,covid_archive,NA,2023/24,4
COVID-19 hospitalisations,2024-08-05,3,FALSE,FALSE,archive,covid_archive,NA,2024/25,3
COVID-19 hospitalisations,2024-08-12,1,FALSE,FALSE,archive,covid_archive,NA,2024/25,1
COVID-19 hospitalisations,2024-08-19,1,FALSE,FALSE,archive,covid_archive,NA,2024/25,1
COVID-19 hospitalisations,2024-08-26,1,FALSE,FALSE,archive,covid_archive,NA,2024/25,1
COVID-19 hospitalisations,2024-09-02,1,FALSE,FALSE,archive,covid_archive,NA,2024/25,1
COVID-19 hospitalisations,2024-09-16,2,FALSE,FALSE,archive,covid_archive,NA,2024/25,2
COVID-19 hospitalisations,2024-09-23,2,FALSE,FALSE,archive,covid_archive,NA,2024/25,2
COVID-19 hospitalisations,2024-09-30,2,FALSE,FALSE,archive,covid_archive,NA,2024/25,2
COVID-19 hospitalisations,2024-10-07,2,FALSE,FALSE,archive,covid_archive,NA,2024/25,2
COVID-19 hospitalisations,2024-10-14,2,FALSE,FALSE,archive,covid_archive,NA,2024/25,2
COVID-19 hospitalisations,2024-10-21,5,TRUE,TRUE,current,covid,9,2024/25,6
COVID-19 hospitalisations,2024-10-28,4,TRUE,TRUE,current,covid,9,2024/25,5
COVID-19 hospitalisations,2024-11-04,3,TRUE,TRUE,current,covid,9,2024/25,4
COVID-19 hospitalisations,2024-11-11,9,TRUE,TRUE,current,covid,10,2024/25,10
COVID-19 hospitalisations,2024-11-18,9,TRUE,TRUE,current,covid,10,2024/25,10
COVID-19 hospitalisations,2024-11-25,9,TRUE,TRUE,current,covid,10,2024/25,10
COVID-19 hospitalisations,2024-12-02,10,TRUE,TRUE,current,covid,10,2024/25,11
COVID-19 hospitalisations,2024-12-09,9,TRUE,TRUE,current,covid,11,2024/25,10
COVID-19 hospitalisations,2024-12-16,9,TRUE,TRUE,current,covid,11,2024/25,10
COVID-19 hospitalisations,2024-12-23,9,TRUE,TRUE,current,covid,11,2024/25,10
COVID-19 hospitalisations,2024-12-30,4,TRUE,TRUE,current,covid,9,2024/25,5
COVID-19 hospitalisations,2025-01-06,9,TRUE,TRUE,current,covid,11,2024/25,10
COVID-19 hospitalisations,2025-01-13,9,TRUE,TRUE,current,covid,11,2024/25,10
COVID-19 hospitalisations,2025-01-20,10,TRUE,TRUE,current,covid,12,2024/25,11
COVID-19 hospitalisations,2025-01-27,11,TRUE,TRUE,current,covid,12,2024/25,12
COVID-19 hospitalisations,2025-02-03,10,TRUE,TRUE,current,covid,12,2024/25,11
COVID-19 hospitalisations,2025-02-10,11,TRUE,TRUE,current,covid,12,2024/25,12
COVID-19 hospitalisations,2025-02-17,9,TRUE,TRUE,current,covid,12,2024/25,10
COVID-19 hospitalisations,2025-02-24,11,TRUE,TRUE,current,covid,11,2024/25,12
COVID-19 hospitalisations,2025-03-03,10,TRUE,TRUE,current,covid,11,2024/25,11
COVID-19 hospitalisations,2025-03-10,9,TRUE,TRUE,current,covid,11,2024/25,10
COVID-19 hospitalisations,2025-03-17,9,TRUE,TRUE,current,covid,11,2024/25,10
COVID-19 hospitalisations,2025-03-24,10,TRUE,TRUE,current,covid,11,2024/25,11
COVID-19 hospitalisations,2025-03-31,10,TRUE,TRUE,current,covid,12,2024/25,11
COVID-19 hospitalisations,2025-04-07,10,TRUE,TRUE,current,covid,13,2024/25,11
COVID-19 hospitalisations,2025-04-14,9,TRUE,TRUE,current,covid,13,2024/25,10
COVID-19 hospitalisations,2025-04-21,6,TRUE,TRUE,current,covid,13,2024/25,7
COVID-19 hospitalisations,2025-04-28,7,TRUE,TRUE,current,covid,13,2024/25,8
COVID-19 hospitalisations,2025-05-05,7,TRUE,TRUE,current,covid,12,2024/25,8
COVID-19 hospitalisations,2025-05-12,7,TRUE,TRUE,current,covid,12,2024/25,8
COVID-19 hospitalisations,2025-05-19,8,TRUE,TRUE,current,covid,14,2024/25,9
COVID-19 hospitalisations,2025-05-26,7,TRUE,TRUE,current,covid,12,2024/25,8
COVID-19 hospitalisations,2025-06-02,2,TRUE,TRUE,current,covid,9,2024/25,3
COVID-19 hospitalisations,2025-06-09,7,TRUE,TRUE,current,covid,11,2024/25,8
COVID-19 hospitalisations,2025-06-16,6,TRUE,TRUE,current,covid,11,2024/25,7
COVID-19 hospitalisations,2025-06-23,7,TRUE,TRUE,current,covid,11,2024/25,8
COVID-19 hospitalisations,2025-06-30,8,TRUE,TRUE,current,covid,10,2024/25,9
COVID-19 hospitalisations,2025-07-07,8,TRUE,TRUE,current,covid,10,2024/25,9
COVID-19 hospitalisations,2025-07-14,8,TRUE,TRUE,current,covid,10,2024/25,9
COVID-19 hospitalisations,2025-07-21,8,TRUE,TRUE,current,covid,9,2024/25,9
COVID-19 hospitalisations,2025-07-28,6,TRUE,TRUE,current,covid,9,2024/25,7
COVID-19 hospitalisations,2025-08-04,7,TRUE,TRUE,current,covid,9,2025/26,8
COVID-19 hospitalisations,2025-08-11,8,TRUE,TRUE,current,covid,9,2025/26,9
COVID-19 hospitalisations,2025-08-18,9,TRUE,TRUE,current,covid,9,2025/26,10
COVID-19 hospitalisations,2025-08-25,9,TRUE,TRUE,current,covid,9,2025/26,10
COVID-19 hospitalisations,2025-09-01,9,TRUE,TRUE,current,covid,9,2025/26,10
COVID-19 hospitalisations,2025-09-08,9,TRUE,TRUE,current,covid,9,2025/26,10
COVID-19 hospitalisations,2025-09-15,8,TRUE,TRUE,current,covid,9,2025/26,9
COVID-19 hospitalisations,2025-09-22,9,TRUE,TRUE,current,covid,9,2025/26,10
COVID-19 hospitalisations,2025-09-29,6,TRUE,TRUE,current,covid,9,2025/26,7
COVID-19 hospitalisations,2025-10-06,7,TRUE,TRUE,current,covid,9,2025/26,8
COVID-19 hospitalisations,2025-10-13,7,TRUE,TRUE,current,covid,10,2025/26,8
COVID-19 hospitalisations,2025-10-20,7,TRUE,TRUE,current,covid,10,2025/26,8
COVID-19 hospitalisations,2025-10-27,7,TRUE,TRUE,current,covid,10,2025/26,8
COVID-19 hospitalisations,2025-11-03,7,TRUE,TRUE,current,covid,10,2025/26,8
COVID-19 hospitalisations,2025-11-10,7,TRUE,TRUE,current,covid,10,2025/26,8
COVID-19 hospitalisations,2025-11-17,7,TRUE,TRUE,current,covid,10,2025/26,8
COVID-19 hospitalisations,2025-11-24,9,TRUE,TRUE,current,covid,10,2025/26,10
COVID-19 hospitalisations,2025-12-01,9,TRUE,TRUE,current,covid,10,2025/26,10
COVID-19 hospitalisations,2025-12-08,10,TRUE,TRUE,current,covid,10,2025/26,11
COVID-19 hospitalisations,2025-12-15,10,TRUE,TRUE,current,covid,10,2025/26,11
COVID-19 hospitalisations,2025-12-22,10,TRUE,TRUE,current,covid,10,2025/26,11
COVID-19 hospitalisations,2025-12-29,3,TRUE,TRUE,current,covid,9,2025/26,4
COVID-19 hospitalisations,2026-01-05,3,TRUE,TRUE,current,covid,9,2025/26,4
COVID-19 hospitalisations,2026-01-12,10,TRUE,TRUE,current,covid,9,2025/26,11
COVID-19 hospitalisations,2026-01-19,7,TRUE,TRUE,current,covid,10,2025/26,8
COVID-19 hospitalisations,2026-01-26,10,TRUE,TRUE,current,covid,10,2025/26,11
COVID-19 hospitalisations,2026-02-02,10,TRUE,TRUE,current,covid,10,2025/26,11
COVID-19 hospitalisations,2026-02-09,10,TRUE,TRUE,current,covid,10,2025/26,11
COVID-19 hospitalisations,2026-02-16,10,TRUE,TRUE,current,covid,10,2025/26,11
COVID-19 hospitalisations,2026-02-23,9,TRUE,TRUE,current,covid,10,2025/26,10
COVID-19 hospitalisations,2026-03-02,9,TRUE,TRUE,current,covid,10,2025/26,10
COVID-19 hospitalisations,2026-03-09,9,TRUE,TRUE,current,covid,10,2025/26,10
COVID-19 hospitalisations,2026-03-16,9,TRUE,TRUE,current,covid,10,2025/26,10
COVID-19 hospitalisations,2026-03-23,9,TRUE,TRUE,current,covid,10,2025/26,10
COVID-19 hospitalisations,2026-03-30,9,TRUE,TRUE,current,covid,10,2025/26,10
COVID-19 hospitalisations,2026-04-06,4,TRUE,TRUE,current,covid,10,2025/26,5
COVID-19 hospitalisations,2026-04-13,9,TRUE,TRUE,current,covid,10,2025/26,10
COVID-19 hospitalisations,2026-04-20,8,TRUE,TRUE,current,covid,10,2025/26,9
COVID-19 hospitalisations,2026-04-27,8,TRUE,TRUE,current,covid,10,2025/26,9
COVID-19 hospitalisations,2026-05-04,7,TRUE,TRUE,current,covid,10,2025/26,8
COVID-19 hospitalisations,2026-05-11,7,TRUE,TRUE,current,covid,11,2025/26,8
COVID-19 hospitalisations,2026-05-18,4,TRUE,TRUE,current,covid,9,2025/26,5
COVID-19 hospitalisations,2026-05-25,6,TRUE,TRUE,current,covid,9,2025/26,7
COVID-19 hospitalisations,2026-06-01,2,TRUE,TRUE,current,covid,9,2025/26,3
COVID-19 hospitalisations,2026-06-08,2,TRUE,TRUE,current,covid,8,2025/26,3
COVID-19 hospitalisations,2026-06-15,2,TRUE,TRUE,current,covid,6,2025/26,3
COVID-19 hospitalisations,2026-06-22,0,FALSE,TRUE,current,covid,NA,2025/26,0
ILI incidence,2023-11-13,1,FALSE,FALSE,archive,flu_archive,NA,2023/24,1
ILI incidence,2023-12-11,4,FALSE,FALSE,archive,flu_archive,NA,2023/24,4
ILI incidence,2023-12-18,7,TRUE,TRUE,archive,flu_archive,22,2023/24,8
ILI incidence,2023-12-25,8,TRUE,TRUE,archive,flu_archive,21,2023/24,9
ILI incidence,2024-01-01,5,TRUE,TRUE,archive,flu_archive,21,2023/24,6
ILI incidence,2024-01-08,10,TRUE,TRUE,archive,flu_archive,21,2023/24,11
ILI incidence,2024-01-15,11,TRUE,TRUE,archive,flu_archive,18,2023/24,12
ILI incidence,2024-01-22,11,TRUE,TRUE,archive,flu_archive,20,2023/24,12
ILI incidence,2024-01-29,11,TRUE,TRUE,archive,flu_archive,20,2023/24,12
ILI incidence,2024-02-05,12,TRUE,TRUE,archive,flu_archive,24,2023/24,13
ILI incidence,2024-02-12,12,TRUE,TRUE,archive,flu_archive,24,2023/24,13
ILI incidence,2024-02-19,14,TRUE,TRUE,archive,flu_archive,23,2023/24,15
ILI incidence,2024-02-26,14,TRUE,TRUE,archive,flu_archive,27,2023/24,15
ILI incidence,2024-03-04,13,TRUE,TRUE,archive,flu_archive,27,2023/24,14
ILI incidence,2024-03-11,13,TRUE,TRUE,archive,flu_archive,27,2023/24,14
ILI incidence,2024-03-18,13,TRUE,TRUE,archive,flu_archive,27,2023/24,14
ILI incidence,2024-03-25,13,TRUE,TRUE,archive,flu_archive,27,2023/24,14
ILI incidence,2024-04-01,10,TRUE,TRUE,archive,flu_archive,27,2023/24,11
ILI incidence,2024-04-08,12,TRUE,TRUE,archive,flu_archive,27,2023/24,13
ILI incidence,2024-04-15,13,TRUE,TRUE,archive,flu_archive,27,2023/24,14
ILI incidence,2024-04-22,11,TRUE,TRUE,archive,flu_archive,25,2023/24,12
ILI incidence,2024-04-29,11,TRUE,TRUE,archive,flu_archive,27,2023/24,12
ILI incidence,2024-10-21,16,TRUE,TRUE,current,syndromic,23,2024/25,17
ILI incidence,2024-10-28,10,TRUE,TRUE,current,syndromic,22,2024/25,11
ILI incidence,2024-11-04,13,TRUE,TRUE,current,syndromic,23,2024/25,14
ILI incidence,2024-11-11,16,TRUE,TRUE,current,syndromic,25,2024/25,17
ILI incidence,2024-11-18,16,TRUE,TRUE,current,syndromic,26,2024/25,17
ILI incidence,2024-11-25,16,TRUE,TRUE,current,syndromic,26,2024/25,17
ILI incidence,2024-12-02,17,TRUE,TRUE,current,syndromic,26,2024/25,18
ILI incidence,2024-12-09,17,TRUE,TRUE,current,syndromic,26,2024/25,18
ILI incidence,2024-12-16,16,TRUE,TRUE,current,syndromic,26,2024/25,17
ILI incidence,2024-12-23,16,TRUE,TRUE,current,syndromic,26,2024/25,17
ILI incidence,2024-12-30,8,TRUE,TRUE,current,syndromic,26,2024/25,9
ILI incidence,2025-01-06,16,TRUE,TRUE,current,syndromic,27,2024/25,17
ILI incidence,2025-01-13,16,TRUE,TRUE,current,syndromic,27,2024/25,17
ILI incidence,2025-01-20,16,TRUE,TRUE,current,syndromic,25,2024/25,17
ILI incidence,2025-01-27,17,TRUE,TRUE,current,syndromic,27,2024/25,18
ILI incidence,2025-02-03,17,TRUE,TRUE,current,syndromic,26,2024/25,18
ILI incidence,2025-02-10,17,TRUE,TRUE,current,syndromic,26,2024/25,18
ILI incidence,2025-02-17,16,TRUE,TRUE,current,syndromic,26,2024/25,17
ILI incidence,2025-02-24,16,TRUE,TRUE,current,syndromic,26,2024/25,17
ILI incidence,2025-03-03,16,TRUE,TRUE,current,syndromic,22,2024/25,17
ILI incidence,2025-03-10,15,TRUE,TRUE,current,syndromic,22,2024/25,16
ILI incidence,2025-03-17,15,TRUE,TRUE,current,syndromic,22,2024/25,16
ILI incidence,2025-03-24,17,TRUE,TRUE,current,syndromic,26,2024/25,18
ILI incidence,2025-03-31,16,TRUE,TRUE,current,syndromic,22,2024/25,17
ILI incidence,2025-04-07,16,TRUE,TRUE,current,syndromic,22,2024/25,17
ILI incidence,2025-04-14,13,TRUE,TRUE,current,syndromic,22,2024/25,14
ILI incidence,2025-04-21,4,TRUE,TRUE,current,syndromic,22,2024/25,5
ILI incidence,2025-04-28,12,TRUE,TRUE,current,syndromic,22,2024/25,13
ILI incidence,2025-05-05,11,TRUE,TRUE,current,syndromic,22,2024/25,12
ILI incidence,2025-05-12,10,TRUE,TRUE,current,syndromic,22,2024/25,11
ILI incidence,2025-05-19,10,TRUE,TRUE,current,syndromic,22,2024/25,11
ILI incidence,2025-05-26,10,TRUE,TRUE,current,syndromic,22,2024/25,11
ILI incidence,2025-06-02,3,TRUE,TRUE,current,syndromic,22,2024/25,4
ILI incidence,2025-06-09,10,TRUE,TRUE,current,syndromic,22,2024/25,11
ILI incidence,2025-06-16,7,TRUE,TRUE,current,syndromic,18,2024/25,8
ILI incidence,2025-06-23,10,TRUE,TRUE,current,syndromic,22,2024/25,11
ILI incidence,2025-06-30,10,TRUE,TRUE,current,syndromic,23,2024/25,11
ILI incidence,2025-07-07,9,TRUE,TRUE,current,syndromic,20,2024/25,10
ILI incidence,2025-07-14,10,TRUE,TRUE,current,syndromic,23,2024/25,11
ILI incidence,2025-07-21,10,TRUE,TRUE,current,syndromic,23,2024/25,11
ILI incidence,2025-07-28,5,TRUE,TRUE,current,syndromic,23,2024/25,6
ILI incidence,2025-08-04,8,TRUE,TRUE,current,syndromic,23,2025/26,9
ILI incidence,2025-08-11,8,TRUE,TRUE,current,syndromic,23,2025/26,9
ILI incidence,2025-08-18,8,TRUE,TRUE,current,syndromic,23,2025/26,9
ILI incidence,2025-08-25,7,TRUE,TRUE,current,syndromic,18,2025/26,8
ILI incidence,2025-09-01,8,TRUE,TRUE,current,syndromic,23,2025/26,9
ILI incidence,2025-09-08,8,TRUE,TRUE,current,syndromic,23,2025/26,9
ILI incidence,2025-09-15,7,TRUE,TRUE,current,syndromic,23,2025/26,8
ILI incidence,2025-09-22,8,TRUE,TRUE,current,syndromic,23,2025/26,9
ILI incidence,2025-09-29,7,TRUE,TRUE,current,syndromic,23,2025/26,8
ILI incidence,2025-10-06,12,TRUE,TRUE,current,syndromic,23,2025/26,13
ILI incidence,2025-10-13,13,TRUE,TRUE,current,syndromic,19,2025/26,14
ILI incidence,2025-10-20,15,TRUE,TRUE,current,syndromic,23,2025/26,16
ILI incidence,2025-10-27,15,TRUE,TRUE,current,syndromic,23,2025/26,16
ILI incidence,2025-11-03,15,TRUE,TRUE,current,syndromic,23,2025/26,16
ILI incidence,2025-11-10,15,TRUE,TRUE,current,syndromic,28,2025/26,16
ILI incidence,2025-11-17,16,TRUE,TRUE,current,syndromic,28,2025/26,17
ILI incidence,2025-11-24,15,TRUE,TRUE,current,syndromic,28,2025/26,16
ILI incidence,2025-12-01,17,TRUE,TRUE,current,syndromic,28,2025/26,18
ILI incidence,2025-12-08,18,TRUE,TRUE,current,syndromic,28,2025/26,19
ILI incidence,2025-12-15,17,TRUE,TRUE,current,syndromic,26,2025/26,18
ILI incidence,2025-12-22,13,TRUE,TRUE,current,syndromic,26,2025/26,14
ILI incidence,2025-12-29,6,TRUE,TRUE,current,syndromic,26,2025/26,7
ILI incidence,2026-01-05,5,TRUE,TRUE,current,syndromic,26,2025/26,6
ILI incidence,2026-01-12,14,TRUE,TRUE,current,syndromic,26,2025/26,15
ILI incidence,2026-01-19,16,TRUE,TRUE,current,syndromic,25,2025/26,17
ILI incidence,2026-01-26,14,TRUE,TRUE,current,syndromic,26,2025/26,15
ILI incidence,2026-02-02,15,TRUE,TRUE,current,syndromic,28,2025/26,16
ILI incidence,2026-02-09,20,TRUE,TRUE,current,syndromic,30,2025/26,21
ILI incidence,2026-02-16,16,TRUE,TRUE,current,syndromic,30,2025/26,17
ILI incidence,2026-02-23,15,TRUE,TRUE,current,syndromic,30,2025/26,16
ILI incidence,2026-03-02,16,TRUE,TRUE,current,syndromic,30,2025/26,17
ILI incidence,2026-03-09,15,TRUE,TRUE,current,syndromic,30,2025/26,16
ILI incidence,2026-03-16,19,TRUE,TRUE,current,syndromic,30,2025/26,20
ILI incidence,2026-03-23,19,TRUE,TRUE,current,syndromic,30,2025/26,20
ILI incidence,2026-03-30,18,TRUE,TRUE,current,syndromic,30,2025/26,19
ILI incidence,2026-04-06,8,TRUE,TRUE,current,syndromic,30,2025/26,9
ILI incidence,2026-04-13,16,TRUE,TRUE,current,syndromic,27,2025/26,17
ILI incidence,2026-04-20,16,TRUE,TRUE,current,syndromic,29,2025/26,17
ILI incidence,2026-04-27,14,TRUE,TRUE,current,syndromic,27,2025/26,15
ILI incidence,2026-05-04,12,TRUE,TRUE,current,syndromic,29,2025/26,13
ILI incidence,2026-05-11,15,TRUE,TRUE,current,syndromic,27,2025/26,16
ILI incidence,2026-05-18,5,TRUE,TRUE,current,syndromic,27,2025/26,6
ILI incidence,2026-05-25,12,TRUE,TRUE,current,syndromic,24,2025/26,13
ILI incidence,2026-06-01,2,TRUE,TRUE,current,syndromic,23,2025/26,3
ILI incidence,2026-06-08,2,TRUE,TRUE,current,syndromic,22,2025/26,3
ILI incidence,2026-06-15,2,TRUE,TRUE,current,syndromic,17,2025/26,3
ILI incidence,2026-06-22,0,FALSE,TRUE,current,syndromic,NA,2025/26,0
ILI incidence,2026-06-29,2,TRUE,TRUE,current,syndromic,3,2025/26,3
ILI incidence,2026-07-06,2,TRUE,TRUE,current,syndromic,3,2025/26,3
ILI incidence,2026-07-13,2,FALSE,FALSE,current,syndromic,NA,2025/26,2
